<?xml version="1.0" encoding="UTF-8" standalone="yes"?>
<verifylog operation="Compact" name="GetDigest" structure="Macintosh HD:Users:miyako:Desktop:for DEVCON 2012:HowDoI:GetDigest.4dbase:GetDigest.4DB" data="Macintosh HD:Users:miyako:Desktop:for DEVCON 2012:HowDoI:GetDigest.4dbase:GetDigest.4DD" os="Mac OS X (10.6.8)">
<start_timer time="2011-12-09T17:47:06+09:00"/>
<step title="メンテナンスモードでデータベースを開いています">
</step>
<step title="圧縮">
	<step title="自動シーケンス番号定義を圧縮中">
	</step>
	<step title="データテーブルをロード中">
		<step title="データテーブルヘッダーを圧縮中">
		</step>
	</step>
	<step title="テーブル Resources のBLOBを圧縮中">
	</step>
	<step title="テーブル Resources のレコードを圧縮中">
	</step>
	<step title="テーブル [Table#2] のBLOBを圧縮中">
	</step>
	<step title="テーブル [Table#2] のレコードを圧縮中">
	</step>
	<step title="インデックス定義を圧縮中">
		<step title="インデックスBツリー インデックス0 on kind (TYPE only)を圧縮中">
			<step title="Bツリー インデックス0 on kind (TYPE only) のインデックスページアドレスを圧縮中">
			</step>
			<step title="Bツリー インデックス0 on kind (TYPE only) のインデックスページを圧縮中">
			</step>
		</step>
		<step title="インデックスBツリー インデックス1 on stamp (stamp)を圧縮中">
			<step title="Bツリー インデックス1 on stamp (stamp) のインデックスページアドレスを圧縮中">
			</step>
			<step title="Bツリー インデックス1 on stamp (stamp) のインデックスページを圧縮中">
			</step>
		</step>
		<step title="インデックスBツリー インデックス2 on kind , id (TYPE and ID)を圧縮中">
			<step title="Bツリー インデックス2 on kind , id (TYPE and ID) のインデックスページアドレスを圧縮中">
			</step>
			<step title="Bツリー インデックス2 on kind , id (TYPE and ID) の削除されたインデックスページのリストを圧縮中">
			</step>
			<step title="Bツリー インデックス2 on kind , id (TYPE and ID) のインデックスページを圧縮中">
			</step>
		</step>
	</step>
	<step title="自動シーケンス番号定義を圧縮中">
	</step>
	<step title="データテーブル定義を圧縮中">
	</step>
	<step title="データテーブル定義を圧縮中">
	</step>
	<step title="データテーブルをロード中">
		<step title="データテーブルヘッダーを圧縮中">
		</step>
	</step>
	<step title="元のファイルを移動">
<move from="Macintosh HD:Users:miyako:Desktop:for DEVCON 2012:HowDoI:GetDigest.4dbase:GetDigest.4DD" to="Macintosh HD:Users:miyako:Desktop:for DEVCON 2012:HowDoI:GetDigest.4dbase:Replaced Files (Compacting) 2011-12-09 17-47-06:GetDigest.4DD">
</move>	</step>
	<step title="新しいファイルを元の場所に移動">
<move from="Macintosh HD:Users:miyako:Desktop:for DEVCON 2012:HowDoI:GetDigest.4dbase:Replaced Files (Compacting) 2011-12-09 17-47-06:_GetDigest.4DD" to="Macintosh HD:Users:miyako:Desktop:for DEVCON 2012:HowDoI:GetDigest.4dbase:GetDigest.4DD">
</move>	</step>
</step>
<stop_timer time="2011-12-09T17:47:07+09:00" success="true" user_canceled="false"/>
</verifylog>
